{
  "name": "BMW M4 GT3",
  "brand": "BMW",
  "description": "The portfolio in the BMW M Motorsport programme is gaining a new top-of-the-range model, in the form of the BMW M4 GT3. The new GT3 car will succeed the BMW M6 GT3. As of the 2022 season, private drivers and teams from all over the world will have the opportunity to challenge for victories and titles in the top car in the M Motorsport range, which is based on the next generation of BMW M4. The biggest improvements compared to its predecessor, the BMW M6 GT3, are in three areas: driveability, cost efficiency and operation. The BMW M4 GT3’s handling and cockpit equipment are more comfortable for amateur drivers, while the car is easier on the tyres and offers greater consistency. Far lower lifecycle costs and longer maintenance intervals for the engine and transmission are vital economic factors. The new BMW M4 Competition provides the perfect basis for the new top model from BMW M Motorsport (fuel consumption (combined): 10.2 – 9.9 l/100 km acc. WLTP, 10.2 l/100 km acc. NEDC; combined CO2 emissions: 233 – 227 g/km acc. WLTP, 234 g/km acc. NEDC), whose engine was designed from the outset for use at the racetrack. This underlines how road car and race car development always go hand in hand at BMW M GmbH. <br><br>FACEBOOK: https://www.facebook.com/Erleague/<br>DISCORD: https://discordapp.com/invite/uy88vbC<br><br>Convert by First Studio Racing.<br><br>specifications of the car:<br>https://www.bmw-motorsport.com/en/topics/bmw-m-motorsport/race-cars/bmw-m4-gt3.html",
  "tags": [
    "rwd",
    "race",
    "sequential",
    "gt",
    "germany"
  ],
  "class": "race",
  "specs": {
    "bhp": "590 bhp",
    "torque": "765 Nm",
    "weight": "1355 kg*",
    "topspeed": "280+km/h",
    "acceleration": "--s 0-100",
    "pwratio": "2.3 kg/hp"
  },
  "torqueCurve": [
    [
      0.0,
      149.509803921569
    ],
    [
      70.0,
      149.513602578068
    ],
    [
      140.0,
      149.540193173566
    ],
    [
      210.0,
      149.612367647059
    ],
    [
      250.0,
      149.682847676107
    ],
    [
      280.0,
      149.605619985476
    ],
    [
      350.0,
      149.492883079158
    ],
    [
      420.0,
      149.492407058824
    ],
    [
      490.0,
      149.626019876543
    ],
    [
      500.0,
      149.657316630356
    ],
    [
      630.0,
      154.925184607843
    ],
    [
      700.0,
      158.083641975309
    ],
    [
      750.0,
      160.500919117647
    ],
    [
      770.0,
      161.103189567901
    ],
    [
      840.0,
      163.391444705882
    ],
    [
      910.0,
      165.981126350763
    ],
    [
      980.0,
      168.900070559187
    ],
    [
      1000.0,
      169.798474945534
    ],
    [
      1050.0,
      172.442647058824
    ],
    [
      1120.0,
      176.48863546841
    ],
    [
      1190.0,
      180.964748867102
    ],
    [
      1250.0,
      185.168164488017
    ],
    [
      1330.0,
      192.257834350036
    ],
    [
      1400.0,
      199.06862745098
    ],
    [
      1500.0,
      209.865196078431
    ],
    [
      1610.0,
      224.028409480755
    ],
    [
      1680.0,
      234.014836078431
    ],
    [
      1750.0,
      244.815779320988
    ],
    [
      1820.0,
      256.480865853304
    ],
    [
      1890.0,
      269.060977745098
    ],
    [
      2000.0,
      290.804284676834
    ],
    [
      2100.0,
      316.951470588235
    ],
    [
      2170.0,
      336.91372714597
    ],
    [
      2250.0,
      361.519607843137
    ],
    [
      2380.0,
      409.715611851852
    ],
    [
      2660.0,
      527.418320348584
    ],
    [
      2800.0,
      593.28431372549
    ],
    [
      3000.0,
      634.06862745098
    ],
    [
      3250.0,
      669.117647058824
    ],
    [
      3500.0,
      697.794117647059
    ],
    [
      3750.0,
      729.656862745098
    ],
    [
      4000.0,
      758.333333333333
    ],
    [
      4250.0,
      764.705882352941
    ],
    [
      4500.0,
      758.333333333333
    ],
    [
      4750.0,
      748.774509803922
    ],
    [
      5000.0,
      742.401960784314
    ],
    [
      5500.0,
      723.28431372549
    ],
    [
      5750.0,
      704.166666666667
    ],
    [
      6000.0,
      678.676470588235
    ],
    [
      6500.0,
      646.813725490196
    ],
    [
      6750.0,
      618.137254901961
    ],
    [
      7000.0,
      592.64705882353
    ]
  ],
  "powerCurve": [
    [
      0.0,
      0.0
    ],
    [
      500.0,
      10.5088457664394
    ],
    [
      700.0,
      15.5407520913015
    ],
    [
      910.0,
      21.2122706403209
    ],
    [
      1000.0,
      23.8462913107892
    ],
    [
      1120.0,
      27.7601512361414
    ],
    [
      1250.0,
      32.5059897717116
    ],
    [
      1330.0,
      35.9106070522532
    ],
    [
      1400.0,
      39.1397383020128
    ],
    [
      1500.0,
      44.2098193457344
    ],
    [
      1610.0,
      50.654266552724
    ],
    [
      1680.0,
      55.212795065784
    ],
    [
      1750.0,
      60.1678530258761
    ],
    [
      1820.0,
      65.556146775951
    ],
    [
      1890.0,
      71.4166673470788
    ],
    [
      2000.0,
      81.6804001220137
    ],
    [
      2100.0,
      93.4757860048772
    ],
    [
      2170.0,
      102.675186359282
    ],
    [
      2250.0,
      114.235591594088
    ],
    [
      2380.0,
      136.945110103474
    ],
    [
      2590.0,
      181.138076180894
    ],
    [
      2660.0,
      197.026166639475
    ],
    [
      2800.0,
      233.296356892027
    ],
    [
      3000.0,
      267.143480636298
    ],
    [
      3570.0,
      354.323540533195
    ],
    [
      4000.0,
      425.997644163745
    ],
    [
      4250.0,
      456.426047318298
    ],
    [
      4500.0,
      479.247349684213
    ],
    [
      4750.0,
      499.4956620775
    ],
    [
      5000.0,
      521.310142280213
    ],
    [
      5500.0,
      558.674431447936
    ],
    [
      5750.0,
      568.630783950713
    ],
    [
      5810.0,
      569.57263252365
    ],
    [
      5880.0,
      570.541150696998
    ],
    [
      5950.0,
      571.369340234623
    ],
    [
      6000.0,
      571.874988698809
    ],
    [
      6300.0,
      583.554125791953
    ],
    [
      6500.0,
      590.445264153426
    ],
    [
      6510.0,
      590.304935517701
    ],
    [
      6580.0,
      589.232423801806
    ],
    [
      6650.0,
      588.002042370722
    ],
    [
      6720.0,
      586.613791224447
    ],
    [
      6750.0,
      585.970498983638
    ],
    [
      6790.0,
      585.553808851028
    ],
    [
      6860.0,
      584.714342905176
    ],
    [
      6930.0,
      583.734548323599
    ],
    [
      7000.0,
      582.614425106298
    ]
  ],
  "country": "Germany",
  "year": 2022,
  "author": null,
  "version": "1.1",
  "url": null
}